C_wt%,Mn_wt%,Si_wt%,Cr_wt%,Ni_wt%,Mo_wt%,Austenitize_Temp_C,Hold_Time_min,Quench_Medium,Temper_Temp_C,Temper_Time_min,Cooling_Rate_Proxy,Hardness_HRC,Source
0.319,0.928,0.174,0.779,0.262,0.414,914,57,Water,247,144,3,50.1,Mendeley Dataset
0.578,0.782,0.317,0.719,0.247,0.382,856,50,Oil,576,93,1,43.81,ST37 Heat Treatment Study
0.479,0.579,0.449,0.038,0.906,0.287,871,43,Polymer,424,116,2,47.21,MDPI Paper
0.419,1.032,0.393,0.512,0.25,0.478,806,68,Polymer,597,136,2,37.55,Synthetic
0.22,0.916,0.423,0.57,0.272,0.1,918,51,Oil,539,125,1,24.1,Synthetic
0.22,0.446,0.364,0.598,0.759,0.055,913,74,Polymer,579,106,2,29.77,Synthetic
0.176,1.12,0.377,0.87,0.45,0.427,815,77,Polymer,521,175,2,24.28,MDPI Paper
0.54,1.04,0.44,0.8,0.777,0.22,882,22,Polymer,379,116,2,52.78,Synthetic
0.421,1.155,0.2,0.912,0.065,0.423,871,88,Water,518,178,3,43.74,Synthetic
0.469,0.953,0.296,1.147,0.488,0.447,923,29,Polymer,575,86,2,42.27,Synthetic
0.159,0.852,0.188,1.219,0.034,0.031,912,44,Water,369,132,3,34.2,MDPI Paper
0.586,0.676,0.495,1.077,0.063,0.442,811,87,Oil,214,120,1,56.03,Synthetic
0.525,1.139,0.478,1.433,0.906,0.224,925,80,Polymer,504,74,2,48.64,Synthetic
0.246,1.079,0.116,0.027,0.139,0.255,852,48,Polymer,381,117,2,33.41,Synthetic
0.232,0.341,0.382,0.294,0.532,0.313,874,38,Polymer,477,144,2,32.23,Synthetic
0.233,0.324,0.47,0.011,0.411,0.463,932,62,Oil,592,76,1,29.67,ST37 Heat Treatment Study
0.287,0.639,0.172,0.971,0.347,0.01,826,85,Water,201,164,3,45.49,Synthetic
0.386,1.029,0.327,1.347,0.9,0.238,939,80,Water,523,79,3,45.74,MDPI Paper
0.344,1.189,0.466,0.365,0.022,0.344,944,62,Polymer,580,113,2,33.84,Synthetic
0.281,0.435,0.114,1.391,0.664,0.361,933,44,Oil,525,120,1,31.59,MDPI Paper
0.425,0.835,0.379,0.09,0.963,0.346,896,39,Oil,412,163,1,40.37,ST37 Heat Treatment Study
0.213,0.643,0.219,1.402,0.56,0.067,804,67,Oil,416,120,1,24.93,Mendeley Dataset
0.281,1.173,0.47,0.527,0.937,0.15,856,43,Oil,508,166,1,28.76,Synthetic
0.315,1.058,0.488,0.152,0.052,0.179,877,30,Oil,466,138,1,36.34,MDPI Paper
0.355,1.054,0.478,0.729,0.419,0.402,868,74,Water,473,86,3,43.87,Synthetic
0.503,0.722,0.29,0.385,0.26,0.139,917,47,Water,558,60,3,49.77,Synthetic
0.24,0.673,0.445,0.427,0.731,0.105,919,88,Water,545,50,3,30.86,Mendeley Dataset
0.381,0.546,0.438,0.461,0.981,0.479,858,82,Polymer,303,119,2,45.04,MDPI Paper
0.417,0.351,0.228,1.205,0.257,0.004,832,78,Oil,507,69,1,38.55,MDPI Paper
0.171,1.078,0.432,0.809,0.654,0.499,861,24,Polymer,515,141,2,26.88,Synthetic
0.423,1.032,0.115,0.467,0.198,0.338,849,70,Oil,289,74,1,41.5,Synthetic
0.227,1.2,0.339,0.916,0.565,0.414,911,40,Water,576,106,3,30.28,ST37 Heat Treatment Study
0.179,1.197,0.192,1.074,0.464,0.147,818,31,Polymer,200,116,2,35.47,MDPI Paper
0.577,0.8,0.148,0.409,0.972,0.007,922,69,Water,266,177,3,63.65,Synthetic
0.585,0.992,0.131,0.62,0.609,0.369,846,23,Oil,570,130,1,42.03,Synthetic
0.514,1.15,0.379,0.183,0.35,0.417,832,61,Oil,195,146,1,52.81,Synthetic
0.287,1.065,0.236,0.272,0.114,0.37,940,57,Oil,458,121,1,34.07,Synthetic
0.194,0.523,0.39,1.022,0.151,0.071,883,44,Water,237,174,3,41.39,MDPI Paper
0.458,0.705,0.126,0.272,0.225,0.377,934,33,Oil,357,57,1,48.34,MDPI Paper
0.348,0.416,0.226,0.788,0.251,0.384,878,51,Water,526,54,3,41.33,MDPI Paper
0.205,1.159,0.316,1.064,0.851,0.329,813,30,Polymer,418,87,2,28.92,Mendeley Dataset
0.373,0.846,0.416,0.16,0.561,0.383,946,80,Oil,238,70,1,41.84,MDPI Paper
0.165,0.506,0.228,0.851,0.523,0.423,927,37,Oil,530,163,1,23.25,Mendeley Dataset
0.559,0.905,0.35,0.385,0.115,0.307,853,46,Oil,267,104,1,56.09,S45C Cooling Rate Study
0.266,0.856,0.454,1.444,0.86,0.044,947,74,Polymer,203,67,2,46.1,Synthetic
0.448,0.622,0.346,0.725,0.723,0.244,828,73,Oil,590,163,1,38.66,Synthetic
0.29,0.402,0.193,1.209,0.068,0.039,823,40,Water,265,104,3,44.27,Synthetic
0.384,0.904,0.11,0.825,0.708,0.204,881,63,Water,267,171,3,50.91,Synthetic
0.396,0.768,0.448,0.065,0.544,0.204,862,24,Oil,409,95,1,39.12,MDPI Paper
0.233,0.995,0.109,0.95,0.082,0.033,904,60,Oil,224,32,1,36.58,Synthetic
0.586,0.768,0.45,1.427,0.458,0.174,856,78,Polymer,629,146,2,51.25,Mendeley Dataset
0.499,1.067,0.312,0.902,0.485,0.055,935,73,Polymer,454,128,2,47.63,Synthetic
0.573,0.797,0.476,1.229,0.166,0.404,861,41,Polymer,156,48,2,64.65,S45C Cooling Rate Study
0.553,0.805,0.42,1.326,0.946,0.474,816,84,Oil,515,175,1,44.91,Synthetic
0.419,1.089,0.499,0.342,0.85,0.036,865,83,Polymer,271,145,2,51.46,Mendeley Dataset
0.565,0.663,0.24,0.318,0.669,0.478,805,23,Polymer,160,154,2,56.89,Mendeley Dataset
0.19,0.421,0.407,0.916,0.462,0.261,857,84,Water,497,117,3,32.3,Synthetic
0.238,0.326,0.261,0.617,0.412,0.15,868,34,Polymer,587,64,2,27.06,MDPI Paper
0.17,0.98,0.292,1.26,0.651,0.038,861,41,Water,638,30,3,22.95,Synthetic
0.296,0.858,0.351,1.35,0.545,0.25,881,66,Water,364,155,3,42.4,Synthetic
0.325,0.934,0.449,0.53,0.062,0.397,870,65,Polymer,578,118,2,36.08,Synthetic
0.272,0.492,0.494,0.355,0.513,0.354,930,33,Water,428,173,3,37.89,Synthetic
0.523,0.423,0.407,1.171,0.806,0.025,809,69,Oil,647,176,1,36.65,Synthetic
0.311,0.313,0.267,0.412,0.459,0.036,897,39,Oil,177,54,1,42.61,MDPI Paper
0.276,0.616,0.269,1.234,0.052,0.201,888,69,Polymer,384,45,2,37.13,Synthetic
0.394,0.831,0.395,0.636,0.786,0.148,834,52,Oil,516,102,1,37.44,Synthetic
0.213,0.653,0.196,1.001,0.201,0.116,801,78,Water,462,158,3,34.34,Synthetic
0.511,0.694,0.144,0.143,0.259,0.141,923,62,Oil,175,71,1,55.25,MDPI Paper
0.184,1.114,0.242,0.936,0.165,0.402,823,31,Polymer,558,176,2,28.97,Synthetic
0.594,0.613,0.215,0.678,0.33,0.465,873,59,Polymer,203,109,2,61.96,Synthetic
0.498,0.763,0.219,0.88,0.757,0.203,821,39,Water,178,133,3,57.77,Synthetic
0.239,1.005,0.193,0.252,0.519,0.453,838,57,Polymer,616,175,2,23.9,ST37 Heat Treatment Study
0.152,0.657,0.117,1.105,0.205,0.161,819,22,Oil,502,63,1,21.41,MDPI Paper
0.517,0.86,0.107,1.294,0.878,0.238,840,47,Polymer,313,118,2,52.26,S45C Cooling Rate Study
0.468,1.076,0.495,0.325,0.88,0.113,947,75,Water,419,154,3,53.87,Synthetic
0.478,1.155,0.271,0.144,0.871,0.32,907,32,Polymer,483,74,2,47.75,Synthetic
0.497,0.432,0.254,0.035,0.239,0.489,946,85,Oil,184,163,1,52.36,ST37 Heat Treatment Study
0.183,1.134,0.372,0.963,0.451,0.302,883,56,Water,435,50,3,33.43,MDPI Paper
0.311,0.743,0.187,0.911,0.985,0.179,910,68,Oil,497,151,1,34.79,ST37 Heat Treatment Study
0.202,0.532,0.48,0.82,0.772,0.324,865,85,Water,422,99,3,37.32,ST37 Heat Treatment Study
0.538,0.713,0.415,0.348,0.027,0.061,852,55,Polymer,600,125,2,47.6,Synthetic
0.43,1.182,0.136,0.586,0.065,0.444,833,73,Water,357,134,3,50.77,Synthetic
0.299,0.743,0.267,0.892,0.464,0.252,949,45,Water,387,77,3,42.93,S45C Cooling Rate Study
0.179,0.596,0.452,0.745,0.909,0.225,866,59,Polymer,563,68,2,26.45,Synthetic
0.29,0.87,0.478,1.482,0.539,0.293,933,62,Oil,649,60,1,30.59,MDPI Paper
0.296,0.516,0.287,0.205,0.498,0.312,826,41,Polymer,242,39,2,38.85,Synthetic
0.478,0.368,0.345,1.043,0.105,0.036,809,39,Water,322,59,3,52.0,S45C Cooling Rate Study
0.437,0.416,0.167,0.606,0.657,0.341,872,27,Polymer,228,47,2,49.77,ST37 Heat Treatment Study
0.549,0.415,0.496,0.642,0.822,0.121,895,48,Water,259,117,3,61.33,S45C Cooling Rate Study
0.362,0.437,0.193,1.076,0.38,0.357,847,59,Polymer,366,154,2,44.64,Synthetic
0.204,0.425,0.477,1.039,0.776,0.411,869,49,Polymer,584,102,2,25.41,Synthetic
0.471,0.877,0.36,1.487,0.964,0.402,899,74,Oil,507,44,1,37.75,Synthetic
0.492,0.464,0.343,0.193,0.204,0.276,858,35,Water,255,33,3,55.71,Mendeley Dataset
0.403,0.611,0.305,0.156,0.523,0.26,801,65,Oil,196,38,1,47.65,S45C Cooling Rate Study
0.497,1.107,0.192,1.087,0.287,0.071,864,81,Water,330,138,3,55.78,MDPI Paper
0.372,0.727,0.171,0.868,0.793,0.388,882,26,Polymer,213,166,2,48.93,Synthetic
0.385,0.901,0.188,0.411,0.578,0.136,809,64,Water,395,161,3,44.37,MDPI Paper
0.342,0.455,0.175,0.119,0.635,0.248,852,78,Oil,393,45,1,34.71,Synthetic
0.161,0.473,0.412,0.128,0.798,0.142,878,75,Oil,571,172,1,22.62,Synthetic
0.199,0.337,0.24,1.341,0.396,0.067,858,67,Oil,469,128,1,24.86,Synthetic
0.164,0.452,0.123,0.288,0.915,0.315,949,46,Water,236,150,3,43.61,ST37 Heat Treatment Study
0.436,0.551,0.488,0.485,0.533,0.027,847,72,Oil,366,81,1,44.76,ST37 Heat Treatment Study
0.291,0.459,0.454,0.34,0.158,0.374,948,54,Oil,639,98,1,27.59,MDPI Paper
0.379,0.38,0.471,0.532,0.696,0.159,922,70,Oil,156,34,1,46.78,Synthetic
0.558,0.409,0.498,0.104,0.793,0.0,821,56,Polymer,427,49,2,51.4,Synthetic
0.262,0.715,0.17,0.779,0.317,0.256,899,76,Polymer,486,108,2,33.14,Mendeley Dataset
0.335,0.486,0.258,0.101,0.857,0.023,897,27,Water,359,175,3,47.0,ST37 Heat Treatment Study
0.49,0.628,0.403,1.201,0.906,0.138,824,39,Water,646,140,3,44.37,Synthetic
0.253,0.753,0.378,0.351,0.277,0.353,827,72,Oil,318,31,1,32.22,Synthetic
0.185,0.921,0.162,0.81,0.984,0.031,912,31,Polymer,479,122,2,33.25,Mendeley Dataset
0.28,0.335,0.426,1.32,0.141,0.42,844,68,Oil,287,42,1,36.67,Synthetic
0.223,1.019,0.19,0.976,0.202,0.002,867,36,Oil,590,33,1,26.06,Mendeley Dataset
0.568,0.865,0.19,0.799,0.184,0.123,806,83,Polymer,540,138,2,47.28,MDPI Paper
0.514,0.374,0.315,0.487,0.894,0.37,848,61,Polymer,645,103,2,43.68,Synthetic
0.435,1.086,0.337,0.5,0.654,0.158,936,48,Polymer,530,124,2,44.04,Synthetic
0.542,1.129,0.332,1.004,0.152,0.051,882,38,Water,455,134,3,50.23,Synthetic
0.512,0.355,0.137,1.491,0.44,0.18,928,30,Water,379,37,3,59.44,MDPI Paper
0.234,0.549,0.451,0.993,0.615,0.135,937,69,Oil,624,96,1,28.14,Synthetic
0.552,1.026,0.206,0.837,0.083,0.421,872,77,Water,457,139,3,53.56,ST37 Heat Treatment Study
0.393,0.973,0.152,1.096,0.882,0.157,845,53,Polymer,310,38,2,43.48,S45C Cooling Rate Study
0.513,0.466,0.455,0.698,0.804,0.394,905,39,Polymer,150,146,2,59.58,Synthetic
0.553,0.488,0.482,0.09,0.505,0.446,831,69,Water,385,40,3,55.92,MDPI Paper
0.293,0.633,0.445,0.843,0.967,0.217,805,29,Oil,586,128,1,28.31,Synthetic
0.2,0.736,0.424,1.436,0.418,0.455,944,51,Oil,337,71,1,32.65,Synthetic
0.253,0.856,0.362,0.263,0.984,0.189,873,71,Water,567,170,3,34.14,Mendeley Dataset
0.342,0.632,0.32,1.035,0.668,0.482,913,34,Oil,153,149,1,48.58,Mendeley Dataset
0.518,0.716,0.135,0.301,0.635,0.045,826,22,Oil,550,170,1,43.74,Mendeley Dataset
0.537,0.973,0.263,0.804,0.166,0.344,853,56,Oil,281,41,1,50.25,MDPI Paper
0.153,0.333,0.249,0.145,0.882,0.247,884,59,Polymer,576,66,2,26.81,Synthetic
0.38,0.527,0.204,0.676,0.427,0.194,926,59,Polymer,367,103,2,48.09,Synthetic
0.338,0.942,0.389,1.134,0.162,0.316,910,75,Water,409,102,3,50.01,MDPI Paper
0.25,1.106,0.298,0.521,0.013,0.352,814,42,Polymer,150,81,2,39.03,MDPI Paper
0.204,0.761,0.132,0.997,0.56,0.002,931,30,Oil,220,159,1,36.25,Synthetic
0.302,0.779,0.188,1.193,0.527,0.083,892,83,Polymer,627,85,2,27.49,Synthetic
0.574,0.396,0.373,1.391,0.719,0.357,922,27,Water,327,89,3,61.68,S45C Cooling Rate Study
0.295,0.703,0.13,0.352,0.89,0.333,872,75,Polymer,606,52,2,30.36,S45C Cooling Rate Study
0.383,0.779,0.44,0.599,0.079,0.483,946,79,Oil,338,132,1,47.11,Synthetic
0.466,0.518,0.298,0.229,0.731,0.381,891,29,Oil,440,69,1,42.53,Mendeley Dataset
0.314,0.542,0.292,1.489,0.187,0.475,816,58,Water,157,93,3,44.57,MDPI Paper
0.587,0.64,0.337,1.391,0.858,0.351,842,47,Polymer,402,114,2,53.56,Synthetic
0.583,0.318,0.43,0.81,0.819,0.149,920,68,Polymer,557,118,2,47.22,Synthetic
0.263,0.59,0.239,1.263,0.541,0.053,840,55,Polymer,616,60,2,30.1,Synthetic
0.374,0.49,0.371,0.781,0.71,0.391,838,32,Oil,441,49,1,33.34,Synthetic
0.285,0.595,0.326,0.935,0.314,0.322,912,55,Water,583,159,3,35.41,Synthetic
0.278,0.408,0.207,0.134,0.471,0.024,910,45,Polymer,393,42,2,33.43,Mendeley Dataset
0.167,1.101,0.451,1.133,0.822,0.18,846,23,Oil,272,151,1,29.64,S45C Cooling Rate Study
0.424,0.834,0.419,0.192,0.459,0.478,862,83,Oil,448,132,1,44.03,MDPI Paper
0.376,0.911,0.363,1.239,0.358,0.25,909,57,Oil,432,135,1,40.0,MDPI Paper
0.173,1.01,0.44,1.173,0.494,0.216,868,41,Polymer,181,148,2,35.08,Synthetic
0.275,0.749,0.447,1.063,0.828,0.229,842,21,Polymer,483,99,2,33.29,Synthetic
0.559,0.378,0.383,0.054,0.335,0.104,833,50,Polymer,526,128,2,48.96,Synthetic
0.258,0.783,0.435,0.455,0.174,0.184,839,30,Polymer,295,111,2,38.86,Synthetic
0.215,0.828,0.379,0.395,0.712,0.185,860,65,Polymer,305,104,2,32.72,Mendeley Dataset
0.37,0.971,0.372,0.54,0.826,0.026,861,81,Polymer,562,147,2,38.25,MDPI Paper
0.594,0.688,0.347,0.131,0.101,0.384,857,88,Polymer,165,113,2,56.92,Synthetic
0.259,0.415,0.401,1.405,0.24,0.208,874,83,Polymer,504,98,2,31.14,Synthetic
0.452,0.555,0.163,0.831,0.142,0.411,815,29,Polymer,196,88,2,51.06,Synthetic
0.493,0.627,0.452,0.458,0.348,0.425,881,59,Oil,400,155,1,47.97,Synthetic
0.257,0.881,0.449,0.595,0.45,0.106,893,43,Polymer,336,140,2,37.75,Synthetic
0.478,0.814,0.112,0.671,0.749,0.329,847,63,Water,180,91,3,54.91,Synthetic
0.316,0.62,0.43,0.901,0.651,0.236,937,79,Oil,409,173,1,34.96,MDPI Paper
0.435,1.188,0.152,0.774,0.621,0.44,881,81,Polymer,570,157,2,41.52,Synthetic
0.435,0.845,0.234,1.379,0.352,0.108,837,36,Water,166,134,3,55.2,Synthetic
0.391,0.514,0.397,0.745,0.841,0.339,926,84,Polymer,188,97,2,49.68,Mendeley Dataset
0.191,0.392,0.164,1.488,0.471,0.304,818,76,Water,453,44,3,30.77,Synthetic
0.526,0.438,0.427,1.277,0.979,0.148,862,74,Water,579,64,3,50.32,S45C Cooling Rate Study
0.294,0.521,0.433,0.313,0.634,0.068,876,72,Water,623,43,3,32.93,Synthetic
0.234,0.445,0.303,1.396,0.126,0.326,930,75,Water,581,131,3,32.53,MDPI Paper
0.168,0.468,0.103,0.175,0.676,0.369,901,28,Oil,188,129,1,38.3,Synthetic
0.416,0.557,0.215,1.226,0.325,0.158,864,41,Oil,638,36,1,31.75,Mendeley Dataset
0.455,0.456,0.347,0.571,0.686,0.322,919,32,Water,281,59,3,51.05,Synthetic
0.157,1.107,0.492,1.317,0.07,0.198,890,67,Polymer,179,78,2,37.92,Mendeley Dataset
0.38,0.372,0.353,1.302,0.175,0.357,807,37,Water,307,173,3,45.87,Mendeley Dataset
0.252,0.772,0.204,1.209,0.856,0.1,872,59,Oil,427,140,1,30.61,ST37 Heat Treatment Study
0.44,0.669,0.354,1.185,0.227,0.445,933,36,Polymer,352,101,2,47.44,Synthetic
0.228,1.184,0.316,0.457,0.837,0.144,906,34,Oil,215,109,1,36.33,Mendeley Dataset
0.461,0.401,0.412,0.121,0.279,0.184,888,34,Oil,257,112,1,52.41,MDPI Paper
0.324,0.658,0.143,0.604,0.643,0.029,838,82,Polymer,417,71,2,39.79,Synthetic
0.572,1.173,0.404,0.26,0.694,0.056,912,58,Water,371,46,3,60.65,Synthetic
0.212,1.079,0.317,1.042,0.513,0.258,827,32,Water,441,36,3,30.7,Synthetic
0.303,1.035,0.485,0.519,0.305,0.134,896,51,Water,167,39,3,46.29,MDPI Paper
0.201,0.532,0.237,1.463,0.213,0.418,836,28,Water,239,63,3,33.43,Synthetic
0.566,0.454,0.353,0.961,0.033,0.007,936,59,Polymer,330,65,2,55.66,Mendeley Dataset
0.545,0.902,0.473,1.234,0.304,0.19,881,39,Polymer,404,35,2,54.61,Mendeley Dataset
0.266,1.136,0.141,0.199,0.653,0.169,855,82,Polymer,604,175,2,30.47,Synthetic
0.447,0.801,0.475,1.293,0.938,0.01,884,63,Oil,402,163,1,43.5,Synthetic
0.518,0.814,0.375,1.384,0.871,0.062,801,57,Polymer,406,58,2,49.38,Synthetic
0.4,0.552,0.127,0.731,0.766,0.207,857,79,Water,532,155,3,41.3,S45C Cooling Rate Study
0.388,0.993,0.22,0.909,0.788,0.246,906,67,Oil,591,110,1,35.58,ST37 Heat Treatment Study
0.259,0.468,0.383,1.147,0.665,0.202,922,37,Water,495,104,3,38.16,ST37 Heat Treatment Study
0.192,0.591,0.127,0.262,0.26,0.265,913,35,Water,236,55,3,36.97,Synthetic
0.554,0.683,0.333,0.754,0.907,0.298,906,74,Polymer,239,156,2,59.29,Mendeley Dataset
0.555,0.757,0.238,0.598,0.671,0.005,836,58,Polymer,386,144,2,54.8,Mendeley Dataset
0.435,0.518,0.348,0.22,0.56,0.232,878,87,Water,539,155,3,44.16,S45C Cooling Rate Study
0.303,0.403,0.118,0.551,0.111,0.482,891,78,Water,219,57,3,48.33,Synthetic
0.307,0.85,0.449,0.102,0.447,0.26,817,81,Oil,193,160,1,46.1,Mendeley Dataset
0.477,0.56,0.489,0.039,0.46,0.339,897,32,Polymer,349,104,2,50.38,Synthetic
0.554,0.823,0.488,0.203,0.865,0.156,862,25,Oil,301,107,1,53.74,Mendeley Dataset
0.549,0.439,0.4,1.445,0.547,0.387,949,79,Oil,235,119,1,54.89,Synthetic
0.501,0.733,0.152,0.824,0.38,0.386,938,33,Oil,168,50,1,55.64,MDPI Paper
0.439,0.779,0.403,1.449,0.977,0.261,803,73,Water,250,83,3,53.32,Synthetic
0.188,0.347,0.11,0.649,0.111,0.488,934,23,Oil,551,132,1,25.32,Synthetic
0.223,0.603,0.109,0.468,0.423,0.063,860,58,Oil,244,88,1,32.72,Mendeley Dataset
0.554,0.421,0.229,0.759,0.042,0.008,906,44,Water,403,101,3,57.18,Synthetic
0.423,0.357,0.295,0.659,0.74,0.385,853,51,Polymer,506,49,2,44.68,ST37 Heat Treatment Study
0.154,1.191,0.408,0.158,0.918,0.404,887,78,Polymer,179,141,2,37.01,Synthetic
0.196,0.59,0.373,0.961,0.28,0.06,867,82,Oil,398,88,1,30.58,Synthetic
0.449,1.029,0.278,0.324,0.858,0.133,928,57,Water,575,100,3,45.28,S45C Cooling Rate Study
0.152,0.529,0.209,0.929,0.292,0.009,854,72,Polymer,182,166,2,36.74,Mendeley Dataset
0.222,0.913,0.499,0.975,0.911,0.147,802,86,Oil,607,138,1,23.21,S45C Cooling Rate Study
0.397,0.984,0.27,0.228,0.754,0.387,920,47,Oil,378,158,1,40.48,MDPI Paper
0.461,0.836,0.281,0.092,0.805,0.259,928,22,Water,161,85,3,59.53,MDPI Paper
0.443,0.724,0.165,1.171,0.018,0.174,901,41,Oil,267,64,1,46.11,MDPI Paper
0.251,0.671,0.418,0.69,0.963,0.186,837,57,Polymer,499,152,2,30.06,ST37 Heat Treatment Study
0.47,0.614,0.377,0.087,0.727,0.001,884,81,Water,304,160,3,54.64,Synthetic
0.257,1.137,0.188,1.492,0.305,0.15,932,76,Polymer,572,133,2,31.99,MDPI Paper
0.296,1.048,0.133,0.087,0.829,0.323,891,25,Polymer,542,36,2,31.44,MDPI Paper
0.486,1.169,0.372,1.043,0.282,0.487,820,51,Polymer,395,56,2,50.32,Synthetic
0.442,0.412,0.362,1.476,0.873,0.424,908,29,Oil,554,30,1,40.7,Mendeley Dataset
0.532,0.958,0.209,0.359,0.113,0.012,846,22,Oil,481,116,1,44.5,MDPI Paper
0.446,1.145,0.48,0.213,0.704,0.449,883,78,Polymer,396,70,2,43.96,Mendeley Dataset
0.406,0.463,0.16,0.182,0.541,0.392,882,68,Polymer,178,152,2,50.87,Synthetic
0.192,0.36,0.273,0.455,0.097,0.39,834,78,Water,310,104,3,35.51,Synthetic
0.315,0.967,0.477,0.152,0.242,0.229,868,50,Water,384,71,3,42.47,S45C Cooling Rate Study
0.269,0.817,0.268,1.038,0.012,0.199,928,88,Oil,339,146,1,35.3,Synthetic
0.26,1.058,0.355,0.093,0.469,0.151,939,81,Oil,266,92,1,33.89,Synthetic
0.588,0.426,0.259,0.764,0.301,0.033,826,71,Water,420,156,3,55.92,Synthetic
0.327,1.016,0.21,1.495,0.598,0.114,855,60,Polymer,407,162,2,38.4,Synthetic
0.551,0.481,0.494,1.221,0.297,0.123,822,50,Oil,329,77,1,52.4,Synthetic
0.434,0.447,0.264,0.923,0.3,0.242,820,41,Polymer,636,32,2,36.46,Mendeley Dataset
0.508,0.448,0.458,0.459,0.743,0.374,860,23,Water,522,145,3,52.88,MDPI Paper
0.376,1.033,0.192,0.936,0.048,0.237,862,32,Oil,321,128,1,37.85,ST37 Heat Treatment Study
0.41,0.899,0.185,0.791,0.903,0.029,921,64,Oil,587,145,1,39.53,Synthetic
0.372,0.771,0.112,0.639,0.852,0.479,851,61,Water,423,43,3,43.7,Synthetic
0.238,0.623,0.361,0.196,0.668,0.471,887,68,Oil,408,141,1,33.0,Synthetic
0.475,1.089,0.247,1.33,0.593,0.393,854,39,Water,284,90,3,54.72,Synthetic
0.276,0.653,0.446,0.675,0.892,0.496,845,73,Oil,320,124,1,37.64,Mendeley Dataset
0.161,1.035,0.289,0.292,0.185,0.272,831,55,Water,359,46,3,32.24,Synthetic
0.44,0.695,0.487,0.552,0.079,0.481,854,20,Oil,385,153,1,41.23,Synthetic
0.23,0.639,0.174,0.621,0.24,0.038,895,34,Polymer,571,53,2,31.91,Synthetic
0.573,0.716,0.447,1.241,0.795,0.183,932,36,Polymer,570,145,2,50.19,Synthetic
0.579,0.571,0.411,1.1,0.035,0.113,835,43,Polymer,335,111,2,56.33,Synthetic
0.562,0.973,0.408,1.154,0.583,0.098,909,77,Oil,566,79,1,48.89,Mendeley Dataset
0.317,0.752,0.438,0.017,0.995,0.07,905,42,Oil,513,108,1,31.17,Synthetic
0.157,0.509,0.404,0.624,0.856,0.311,857,65,Polymer,592,108,2,24.49,MDPI Paper
0.568,1.11,0.35,0.722,0.521,0.391,838,27,Polymer,244,99,2,56.84,Synthetic
0.343,0.646,0.152,0.029,0.064,0.289,879,78,Water,527,56,3,39.59,Synthetic
0.585,0.789,0.113,0.39,0.831,0.073,896,78,Water,160,44,3,65.86,S45C Cooling Rate Study
0.584,1.116,0.468,1.14,0.599,0.406,912,32,Water,217,79,3,61.27,Synthetic
0.534,0.862,0.347,0.206,0.115,0.318,860,58,Polymer,528,65,2,46.34,ST37 Heat Treatment Study
0.283,0.405,0.419,0.803,0.094,0.194,936,47,Polymer,359,37,2,42.13,ST37 Heat Treatment Study
0.323,1.146,0.293,0.323,0.91,0.337,805,80,Polymer,345,108,2,41.4,S45C Cooling Rate Study
0.533,0.865,0.147,0.018,0.669,0.13,908,35,Water,518,160,3,51.97,Synthetic
0.293,0.601,0.15,0.362,0.829,0.173,834,21,Oil,247,76,1,38.84,Synthetic
0.226,0.425,0.374,1.464,0.879,0.459,838,36,Polymer,242,134,2,36.97,Synthetic
0.401,1.015,0.272,1.202,0.572,0.145,949,49,Oil,621,127,1,38.62,Mendeley Dataset
0.571,0.858,0.18,1.439,0.517,0.235,917,32,Oil,171,125,1,58.57,Synthetic
0.463,0.78,0.297,0.732,0.43,0.445,804,32,Oil,599,145,1,37.85,Synthetic
0.407,1.105,0.126,0.165,0.317,0.354,886,62,Water,321,42,3,52.3,Mendeley Dataset
0.194,1.01,0.333,0.822,0.435,0.031,875,40,Oil,532,30,1,23.13,MDPI Paper
0.427,0.437,0.208,0.682,0.774,0.074,856,74,Polymer,283,63,2,51.87,Mendeley Dataset
0.596,0.581,0.419,1.267,0.602,0.004,926,59,Water,575,108,3,51.47,Synthetic
0.213,0.524,0.224,0.147,0.893,0.315,828,34,Polymer,174,107,2,41.88,Synthetic
0.383,0.97,0.282,0.732,0.443,0.224,886,71,Polymer,334,150,2,44.43,Synthetic
0.545,0.33,0.105,0.225,0.607,0.067,940,72,Water,234,122,3,61.49,Mendeley Dataset
0.483,0.813,0.129,0.487,0.631,0.479,845,71,Polymer,204,127,2,50.48,Synthetic
0.464,0.986,0.257,1.106,0.592,0.265,915,49,Polymer,400,111,2,47.73,MDPI Paper
0.466,1.089,0.292,0.714,0.703,0.121,911,52,Water,293,67,3,52.81,S45C Cooling Rate Study
0.312,0.608,0.34,0.564,0.237,0.25,844,76,Polymer,500,43,2,33.88,Synthetic
0.282,1.039,0.217,0.592,0.512,0.34,944,71,Oil,547,165,1,30.62,MDPI Paper
0.514,0.4,0.378,0.689,0.104,0.038,903,28,Polymer,316,120,2,55.84,Synthetic
0.515,1.062,0.444,1.178,0.385,0.137,884,73,Oil,561,83,1,43.67,Mendeley Dataset
0.54,0.415,0.412,1.338,0.488,0.403,933,20,Polymer,373,159,2,54.99,Synthetic
0.561,0.658,0.116,1.433,0.652,0.23,907,63,Water,369,130,3,56.04,ST37 Heat Treatment Study
0.38,1.018,0.292,1.18,0.951,0.273,817,28,Water,328,118,3,45.04,Synthetic
0.376,0.435,0.142,0.473,0.601,0.216,893,51,Polymer,268,85,2,50.48,MDPI Paper
0.509,0.506,0.197,1.032,0.744,0.022,949,34,Water,582,123,3,48.09,MDPI Paper
0.442,0.95,0.495,0.656,0.506,0.083,832,31,Polymer,414,122,2,48.55,Synthetic
0.466,0.948,0.157,0.382,0.634,0.223,925,76,Water,591,113,3,45.74,Mendeley Dataset
0.508,0.877,0.3,1.261,0.071,0.105,921,27,Oil,578,114,1,43.06,Synthetic
0.551,0.925,0.347,0.058,0.254,0.025,937,46,Polymer,299,51,2,59.47,Synthetic
0.302,0.788,0.381,1.353,0.362,0.422,914,81,Oil,565,64,1,33.49,Mendeley Dataset
0.319,0.527,0.324,0.692,0.472,0.491,827,31,Oil,602,45,1,28.9,Mendeley Dataset
0.192,0.611,0.104,0.956,0.046,0.397,810,84,Polymer,364,79,2,30.52,Synthetic
0.41,0.463,0.231,0.989,0.14,0.427,846,61,Oil,346,151,1,42.53,Synthetic
0.166,1.118,0.307,1.343,0.277,0.121,926,81,Polymer,191,157,2,37.93,Synthetic
0.36,0.825,0.135,0.955,0.972,0.48,946,30,Oil,202,142,1,47.74,Synthetic
0.394,0.661,0.24,0.921,0.331,0.098,917,62,Polymer,629,46,2,37.62,Synthetic
0.279,0.716,0.113,0.1,0.482,0.476,942,36,Polymer,592,109,2,33.56,MDPI Paper
0.416,1.153,0.131,0.778,0.196,0.497,925,51,Water,479,159,3,49.87,Synthetic
0.164,0.438,0.259,0.225,0.611,0.356,871,59,Polymer,400,161,2,30.52,Synthetic
0.167,0.828,0.153,1.106,0.281,0.491,906,42,Polymer,444,114,2,29.94,Mendeley Dataset
0.52,0.755,0.327,0.768,0.207,0.285,936,75,Oil,527,123,1,42.57,Mendeley Dataset
0.312,0.85,0.376,1.02,0.517,0.13,832,25,Polymer,420,163,2,32.0,MDPI Paper
0.207,0.316,0.42,0.063,0.006,0.218,818,69,Water,604,110,3,28.94,Mendeley Dataset
0.385,1.085,0.18,0.127,0.008,0.297,873,56,Oil,562,98,1,35.01,Synthetic
0.496,1.139,0.167,1.074,0.219,0.037,897,83,Oil,272,98,1,50.01,S45C Cooling Rate Study
0.247,0.809,0.142,0.108,0.037,0.311,940,73,Water,516,177,3,36.13,MDPI Paper
0.43,0.927,0.355,0.107,0.108,0.491,928,68,Oil,536,45,1,39.66,S45C Cooling Rate Study
0.188,1.13,0.383,0.018,0.339,0.095,892,30,Oil,488,80,1,28.24,Synthetic
0.173,0.937,0.113,1.435,0.803,0.396,847,68,Oil,415,134,1,26.54,Synthetic
0.389,0.437,0.474,1.106,0.572,0.454,863,40,Oil,497,95,1,35.7,ST37 Heat Treatment Study
0.393,0.819,0.121,0.53,0.513,0.472,860,85,Water,178,38,3,54.92,Mendeley Dataset
0.437,0.846,0.317,0.445,0.293,0.48,838,82,Water,612,136,3,41.69,Synthetic
0.477,0.682,0.384,0.525,0.932,0.261,927,47,Oil,184,129,1,54.19,Synthetic
0.589,0.963,0.448,1.162,0.397,0.489,887,36,Oil,155,115,1,58.98,Mendeley Dataset
0.382,1.141,0.386,0.992,0.087,0.379,825,25,Water,545,93,3,39.27,MDPI Paper
0.295,1.133,0.421,0.278,0.617,0.081,816,38,Water,260,51,3,43.89,MDPI Paper
0.508,0.706,0.236,0.261,0.114,0.238,870,75,Water,443,139,3,52.12,MDPI Paper
0.272,0.402,0.426,0.148,0.345,0.359,812,47,Oil,226,126,1,38.24,Synthetic
0.348,1.186,0.132,0.99,0.507,0.124,868,85,Oil,498,47,1,34.26,Synthetic
0.185,1.055,0.458,1.147,0.874,0.32,825,57,Polymer,296,100,2,29.55,ST37 Heat Treatment Study
0.161,0.412,0.319,0.398,0.494,0.333,848,56,Water,216,156,3,36.77,Synthetic
0.583,1.129,0.427,0.031,0.702,0.081,806,87,Oil,541,126,1,47.96,ST37 Heat Treatment Study
0.526,1.083,0.281,0.123,0.993,0.283,857,68,Water,157,30,3,60.9,Synthetic
0.463,0.767,0.357,1.452,0.131,0.386,848,62,Oil,271,161,1,47.62,Synthetic
0.334,0.832,0.311,0.443,0.275,0.249,902,55,Water,489,33,3,42.88,Mendeley Dataset
0.228,0.659,0.393,1.154,0.395,0.006,852,77,Oil,324,154,1,31.08,S45C Cooling Rate Study
0.22,0.349,0.133,0.937,0.422,0.005,861,32,Polymer,537,111,2,25.72,Synthetic
0.263,0.602,0.124,0.573,0.411,0.179,816,71,Polymer,328,56,2,36.44,MDPI Paper
0.397,1.023,0.199,0.309,0.908,0.463,824,77,Water,234,88,3,49.81,S45C Cooling Rate Study
0.472,0.304,0.164,0.182,0.714,0.114,930,51,Oil,600,61,1,38.49,Synthetic
0.447,0.6,0.449,0.923,0.608,0.317,828,79,Oil,194,57,1,48.71,Synthetic
0.276,0.658,0.188,1.162,0.309,0.111,916,77,Water,285,135,3,44.81,ST37 Heat Treatment Study
0.58,0.784,0.49,0.966,0.824,0.161,825,75,Oil,492,134,1,48.02,Synthetic
0.482,1.128,0.235,0.795,0.955,0.424,923,47,Water,165,99,3,60.54,ST37 Heat Treatment Study
0.399,0.612,0.173,0.063,0.821,0.364,943,20,Oil,482,91,1,43.47,Synthetic
0.425,0.612,0.416,1.453,0.002,0.048,824,61,Water,344,63,3,48.47,Synthetic
0.339,0.964,0.363,1.198,0.636,0.214,853,67,Oil,645,116,1,30.11,Synthetic
0.261,0.707,0.299,0.439,0.051,0.015,872,59,Water,158,143,3,44.84,ST37 Heat Treatment Study
0.31,0.502,0.322,1.47,0.258,0.24,919,82,Oil,465,135,1,32.84,Synthetic
0.491,0.707,0.388,0.903,0.06,0.331,855,23,Polymer,483,85,2,45.4,Synthetic
0.156,0.427,0.191,0.874,0.604,0.059,864,57,Oil,482,142,1,22.72,ST37 Heat Treatment Study
0.202,0.459,0.499,1.122,0.687,0.144,892,46,Water,476,42,3,33.9,MDPI Paper
0.171,0.749,0.49,1.218,0.114,0.199,885,28,Polymer,164,47,2,42.24,MDPI Paper
0.168,0.677,0.36,0.985,0.384,0.46,879,35,Oil,476,142,1,23.45,MDPI Paper
0.535,1.123,0.18,0.192,0.456,0.497,907,75,Polymer,251,68,2,56.38,Synthetic
0.467,0.626,0.372,0.507,0.369,0.022,917,50,Oil,375,108,1,46.48,Mendeley Dataset
0.363,0.823,0.129,1.392,0.121,0.381,882,33,Polymer,574,175,2,37.49,Mendeley Dataset
0.194,0.869,0.112,0.337,0.419,0.186,946,44,Water,427,59,3,35.78,Synthetic
0.371,0.312,0.203,0.558,0.751,0.196,814,53,Oil,557,127,1,35.9,S45C Cooling Rate Study
0.363,0.897,0.285,0.648,0.071,0.377,930,86,Oil,262,87,1,39.17,Synthetic
0.228,0.46,0.447,0.659,0.08,0.459,938,43,Water,634,96,3,26.15,Mendeley Dataset
0.345,1.165,0.391,0.919,0.355,0.475,829,45,Polymer,577,100,2,33.48,Synthetic
0.329,0.434,0.397,1.415,0.942,0.289,856,39,Water,150,175,3,52.05,Synthetic
0.427,0.673,0.27,0.361,0.669,0.179,945,83,Water,415,135,3,46.44,Synthetic
0.436,0.377,0.238,0.182,0.679,0.394,927,29,Polymer,640,36,2,33.98,ST37 Heat Treatment Study
0.17,1.197,0.248,0.296,0.362,0.126,847,86,Water,357,69,3,35.07,Synthetic
0.319,0.752,0.495,1.33,0.594,0.282,935,43,Oil,259,99,1,42.06,MDPI Paper
0.432,0.836,0.116,0.969,0.01,0.179,821,24,Oil,349,97,1,41.19,MDPI Paper
0.376,0.36,0.447,0.429,0.636,0.328,805,86,Oil,589,78,1,30.52,MDPI Paper
0.535,0.975,0.331,1.224,0.913,0.12,903,77,Water,518,81,3,50.18,Synthetic
0.446,0.489,0.275,1.292,0.613,0.096,835,46,Oil,622,143,1,36.52,ST37 Heat Treatment Study
0.223,1.108,0.39,1.27,0.874,0.459,878,34,Oil,455,136,1,27.54,Synthetic
0.182,0.485,0.295,1.378,0.724,0.051,915,54,Oil,161,58,1,36.88,MDPI Paper
0.439,0.472,0.449,0.378,0.121,0.253,856,72,Oil,494,178,1,34.43,ST37 Heat Treatment Study
0.162,0.333,0.46,1.133,0.902,0.11,848,63,Oil,614,107,1,18.05,Synthetic
0.414,0.725,0.269,0.691,0.066,0.019,881,45,Oil,337,38,1,41.6,ST37 Heat Treatment Study
0.573,0.808,0.211,1.263,0.534,0.018,865,66,Water,303,105,3,59.58,Synthetic
0.409,0.359,0.337,1.093,0.142,0.088,876,53,Oil,643,71,1,33.19,Mendeley Dataset
0.325,0.998,0.465,1.165,0.012,0.433,844,69,Oil,517,157,1,33.97,Synthetic
0.439,0.708,0.184,0.984,0.422,0.141,878,31,Polymer,483,49,2,40.19,Synthetic
0.356,0.772,0.349,0.266,0.295,0.475,819,23,Water,574,101,3,38.11,Mendeley Dataset
0.396,0.697,0.353,0.818,0.486,0.291,922,67,Water,569,94,3,43.75,Mendeley Dataset
0.574,0.661,0.393,1.477,0.577,0.218,866,74,Water,526,142,3,57.19,Synthetic
0.324,0.804,0.153,1.406,0.044,0.29,882,20,Water,428,53,3,40.78,Synthetic
0.583,0.44,0.386,0.065,0.123,0.258,802,85,Oil,320,157,1,53.57,ST37 Heat Treatment Study
0.557,0.464,0.464,0.247,0.559,0.379,863,49,Oil,283,112,1,50.08,Mendeley Dataset
0.238,1.076,0.172,0.198,0.343,0.141,839,22,Polymer,644,92,2,21.46,Synthetic
0.181,1.152,0.195,1.089,0.729,0.177,858,40,Polymer,602,89,2,26.15,Synthetic
0.195,0.636,0.489,1.227,0.652,0.447,861,68,Water,576,128,3,29.13,ST37 Heat Treatment Study
0.158,0.544,0.172,0.32,0.846,0.473,931,81,Polymer,174,91,2,39.74,ST37 Heat Treatment Study
0.192,0.88,0.442,0.759,0.692,0.446,859,57,Polymer,167,59,2,35.44,Mendeley Dataset
0.457,0.668,0.297,1.261,0.43,0.21,915,34,Water,339,51,3,54.09,Synthetic
0.182,0.323,0.199,1.099,0.673,0.39,874,71,Water,290,155,3,40.94,S45C Cooling Rate Study
0.294,0.441,0.448,0.813,0.275,0.238,921,65,Polymer,192,71,2,45.64,Synthetic
0.53,0.944,0.278,0.886,0.306,0.249,906,44,Oil,483,127,1,47.48,ST37 Heat Treatment Study
0.16,0.893,0.306,0.763,0.789,0.102,895,40,Polymer,433,60,2,29.03,ST37 Heat Treatment Study
0.517,0.324,0.244,0.446,0.446,0.296,890,24,Polymer,295,141,2,51.33,Synthetic
0.277,0.5,0.337,0.848,0.798,0.093,929,89,Oil,464,175,1,35.49,Synthetic
0.203,0.508,0.165,1.033,0.822,0.166,861,66,Oil,593,151,1,21.89,Synthetic
0.464,0.905,0.256,1.31,0.858,0.428,848,87,Water,468,46,3,49.27,ST37 Heat Treatment Study
0.433,0.318,0.488,0.954,0.917,0.104,936,37,Water,590,67,3,41.37,Synthetic
0.545,0.394,0.203,1.142,0.431,0.036,891,40,Polymer,241,171,2,55.43,Synthetic
0.481,1.02,0.363,0.24,0.319,0.035,923,42,Oil,328,139,1,51.85,ST37 Heat Treatment Study
0.512,0.461,0.23,0.692,0.582,0.47,860,83,Water,205,51,3,58.58,Mendeley Dataset
0.277,0.887,0.409,0.014,0.371,0.253,847,86,Polymer,304,85,2,41.85,ST37 Heat Treatment Study
0.23,0.514,0.152,0.37,0.601,0.205,935,59,Oil,309,148,1,34.57,Mendeley Dataset
0.488,0.389,0.488,1.09,0.706,0.405,857,29,Polymer,260,176,2,49.44,Synthetic
0.513,0.519,0.282,1.488,0.688,0.418,900,71,Water,286,86,3,59.48,S45C Cooling Rate Study
0.596,0.95,0.194,0.149,0.375,0.166,911,80,Water,381,64,3,58.87,Synthetic
0.336,1.07,0.129,0.602,0.167,0.347,861,83,Oil,629,143,1,31.41,Synthetic
0.317,1.047,0.168,1.2,0.431,0.386,838,24,Polymer,617,154,2,31.82,Synthetic
0.499,0.657,0.308,0.306,0.143,0.327,857,72,Oil,369,158,1,44.42,Synthetic
0.303,0.901,0.235,0.833,0.89,0.076,898,74,Water,630,81,3,35.07,MDPI Paper
0.569,0.484,0.432,1.1,0.346,0.438,843,56,Water,217,114,3,66.38,S45C Cooling Rate Study
0.536,0.564,0.272,0.924,0.154,0.27,828,75,Polymer,451,94,2,50.68,MDPI Paper
0.343,1.107,0.199,0.282,0.025,0.141,858,78,Polymer,398,158,2,40.18,Synthetic
0.488,0.312,0.347,0.533,0.646,0.213,870,88,Polymer,631,50,2,44.4,ST37 Heat Treatment Study
0.49,0.377,0.383,1.176,0.637,0.019,891,78,Oil,645,45,1,39.79,Synthetic
0.196,0.487,0.167,0.831,0.341,0.064,808,21,Polymer,472,152,2,28.68,Mendeley Dataset
0.556,0.324,0.167,0.008,0.072,0.383,926,84,Polymer,559,90,2,47.43,Mendeley Dataset
0.377,0.463,0.115,1.141,0.41,0.0,933,79,Water,541,83,3,43.02,ST37 Heat Treatment Study
0.522,0.825,0.395,0.053,0.311,0.208,944,70,Water,155,55,3,65.12,Synthetic
0.294,0.679,0.366,1.119,0.677,0.261,943,49,Polymer,613,109,2,30.94,Synthetic
0.553,1.103,0.29,0.304,0.606,0.027,930,30,Polymer,429,94,2,56.26,ST37 Heat Treatment Study
0.325,1.036,0.438,1.437,0.365,0.487,820,58,Water,581,129,3,35.79,Synthetic
0.155,0.608,0.422,0.552,0.218,0.113,863,82,Polymer,636,103,2,20.2,MDPI Paper
0.557,0.533,0.334,0.49,0.988,0.152,889,83,Oil,243,46,1,57.41,Synthetic
0.191,0.642,0.447,0.223,0.454,0.152,835,80,Oil,578,150,1,21.75,Synthetic
0.294,0.831,0.182,0.458,0.688,0.115,861,73,Oil,418,52,1,35.34,Mendeley Dataset
0.578,0.541,0.145,1.315,0.141,0.001,875,77,Polymer,346,164,2,55.72,Synthetic
0.578,0.862,0.208,1.495,0.486,0.365,812,75,Water,174,100,3,63.08,MDPI Paper
0.408,0.668,0.123,0.552,0.028,0.483,810,53,Polymer,297,137,2,47.26,Synthetic
0.434,0.797,0.312,0.673,0.505,0.112,853,50,Polymer,267,108,2,50.17,Mendeley Dataset
0.352,0.693,0.475,1.083,0.964,0.332,815,71,Water,487,75,3,36.32,Synthetic
0.282,0.565,0.116,1.329,0.384,0.371,807,20,Water,516,107,3,32.84,Mendeley Dataset
0.298,1.154,0.149,0.89,0.039,0.424,903,74,Water,487,45,3,40.69,Synthetic
0.453,0.987,0.281,0.587,0.031,0.211,858,41,Oil,215,100,1,49.13,Synthetic
0.489,0.426,0.474,0.619,0.388,0.151,856,59,Polymer,607,125,2,41.7,Synthetic
0.506,1.082,0.226,1.043,0.16,0.163,839,20,Water,450,176,3,48.42,Synthetic
0.505,0.739,0.303,0.005,0.023,0.356,929,84,Polymer,519,31,2,45.65,Synthetic
0.191,1.105,0.117,0.929,0.756,0.408,893,82,Oil,324,39,1,27.06,MDPI Paper
0.372,1.02,0.159,0.533,0.459,0.091,937,73,Oil,468,154,1,38.32,S45C Cooling Rate Study
0.176,0.683,0.495,1.191,0.289,0.185,843,61,Water,225,110,3,36.97,Mendeley Dataset
0.397,0.32,0.486,0.139,0.9,0.451,938,40,Water,644,169,3,38.83,Synthetic
0.349,0.542,0.102,0.882,0.116,0.403,879,41,Polymer,610,99,2,34.58,S45C Cooling Rate Study
0.549,0.787,0.481,0.721,0.956,0.492,880,57,Water,263,179,3,60.88,Synthetic
0.308,0.87,0.356,0.963,0.314,0.377,801,27,Polymer,260,61,2,45.39,Synthetic
0.203,0.532,0.447,0.097,0.888,0.197,939,81,Water,398,134,3,33.5,Mendeley Dataset
0.214,0.425,0.282,0.87,0.603,0.295,914,66,Polymer,588,113,2,30.3,Mendeley Dataset
0.493,1.051,0.306,0.842,0.827,0.331,889,36,Polymer,352,158,2,53.25,Mendeley Dataset
0.428,1.186,0.296,0.841,0.984,0.039,822,36,Polymer,296,87,2,46.18,ST37 Heat Treatment Study
0.196,0.773,0.367,0.905,0.288,0.272,945,32,Polymer,184,175,2,40.05,Mendeley Dataset
0.188,0.455,0.156,1.015,0.961,0.355,861,36,Oil,636,163,1,20.0,MDPI Paper
0.465,0.545,0.112,1.207,0.389,0.084,912,57,Polymer,458,74,2,47.27,Synthetic
0.183,0.317,0.223,0.405,0.386,0.39,927,64,Water,175,126,3,44.79,Synthetic
0.52,1.123,0.382,1.238,0.34,0.292,861,25,Oil,387,52,1,49.52,S45C Cooling Rate Study
0.468,0.406,0.181,0.747,0.541,0.476,837,54,Oil,163,52,1,52.45,S45C Cooling Rate Study
0.187,0.819,0.369,0.116,0.154,0.021,860,33,Polymer,523,164,2,26.37,MDPI Paper
0.188,0.547,0.488,0.088,0.554,0.133,928,80,Oil,194,108,1,32.55,Synthetic
0.594,0.799,0.138,0.501,0.542,0.301,948,34,Polymer,577,73,2,51.37,Synthetic
0.318,0.886,0.369,1.177,0.762,0.148,921,73,Water,365,56,3,46.46,MDPI Paper
0.317,1.047,0.278,1.062,0.834,0.357,909,46,Polymer,382,55,2,37.19,Mendeley Dataset
0.516,0.486,0.447,1.183,0.44,0.38,812,32,Oil,342,126,1,46.33,Synthetic
0.576,0.31,0.171,0.776,0.302,0.051,899,50,Water,200,65,3,64.29,Synthetic
0.594,0.423,0.377,0.66,0.259,0.257,934,54,Polymer,576,138,2,49.57,MDPI Paper
0.489,1.11,0.435,0.221,0.195,0.254,821,79,Water,524,84,3,45.95,Synthetic
0.319,1.087,0.478,0.492,0.058,0.185,873,25,Water,363,98,3,42.36,S45C Cooling Rate Study
0.188,0.838,0.373,0.651,0.342,0.466,931,88,Oil,300,90,1,29.67,S45C Cooling Rate Study
0.5,0.84,0.299,0.133,0.27,0.414,822,77,Water,589,159,3,44.32,Synthetic
0.401,0.899,0.347,0.331,0.966,0.349,918,68,Oil,424,84,1,42.61,Synthetic
0.341,0.458,0.448,0.897,0.558,0.357,869,42,Water,487,151,3,38.12,ST37 Heat Treatment Study
0.558,1.123,0.328,1.103,0.347,0.231,883,53,Polymer,225,126,2,55.69,Synthetic
0.2,0.677,0.112,1.498,0.58,0.46,900,45,Water,588,109,3,28.6,ST37 Heat Treatment Study
0.372,0.645,0.472,1.4,0.139,0.347,883,66,Polymer,369,116,2,44.87,Synthetic
0.155,0.767,0.376,0.964,0.444,0.364,827,24,Polymer,497,67,2,25.04,ST37 Heat Treatment Study
0.361,0.342,0.371,0.632,0.626,0.431,935,39,Water,593,148,3,39.14,Synthetic
0.175,0.45,0.186,0.954,0.489,0.137,800,25,Polymer,336,107,2,31.01,Synthetic
0.203,0.964,0.364,1.178,0.402,0.404,862,89,Water,438,64,3,30.29,MDPI Paper
0.203,0.375,0.258,0.178,0.994,0.098,821,78,Water,552,108,3,30.53,Synthetic
0.442,0.843,0.36,0.615,0.88,0.173,869,83,Polymer,177,96,2,53.86,Synthetic
0.486,0.521,0.143,1.26,0.623,0.168,924,37,Polymer,528,116,2,45.48,Synthetic
0.413,0.65,0.363,0.576,0.569,0.489,948,23,Oil,329,63,1,47.38,Mendeley Dataset
0.583,0.56,0.5,0.858,0.621,0.428,895,36,Polymer,402,126,2,53.07,Synthetic
0.319,0.62,0.119,0.882,0.201,0.351,878,33,Oil,275,100,1,42.21,Synthetic
0.279,0.947,0.491,0.277,0.395,0.364,804,32,Polymer,326,32,2,37.85,Mendeley Dataset
0.541,0.567,0.263,0.543,0.039,0.281,859,26,Water,186,87,3,60.89,Synthetic
0.251,0.81,0.448,0.502,0.476,0.474,919,63,Polymer,559,61,2,31.13,MDPI Paper
0.583,0.728,0.413,0.039,0.543,0.248,845,34,Water,248,60,3,61.73,MDPI Paper
0.155,0.897,0.327,0.036,0.228,0.19,933,38,Water,247,111,3,40.49,Synthetic
0.586,1.143,0.395,1.248,0.964,0.082,855,82,Water,276,72,3,59.33,Synthetic
0.169,0.959,0.451,0.41,0.909,0.393,909,54,Oil,632,164,1,19.33,Synthetic
0.551,0.493,0.262,0.777,0.722,0.367,903,54,Polymer,317,134,2,58.18,MDPI Paper
0.387,0.328,0.231,0.448,0.533,0.192,876,38,Water,229,30,3,50.18,Synthetic
0.597,0.536,0.367,1.411,0.87,0.013,945,39,Water,443,90,3,60.73,MDPI Paper
0.183,0.836,0.423,0.389,0.131,0.419,801,54,Oil,482,43,1,27.44,MDPI Paper
0.399,0.346,0.405,0.644,0.791,0.006,807,51,Polymer,275,35,2,45.53,MDPI Paper
0.586,0.747,0.419,1.309,0.125,0.352,874,67,Polymer,492,132,2,53.74,Synthetic
0.385,0.837,0.274,1.263,0.794,0.485,924,63,Oil,459,39,1,37.0,Synthetic
0.433,0.601,0.427,0.279,0.276,0.219,837,43,Oil,299,100,1,46.76,Synthetic
0.463,0.994,0.148,1.204,0.877,0.117,826,80,Polymer,165,119,2,54.25,Synthetic
0.355,0.396,0.318,0.687,0.944,0.352,819,36,Oil,177,178,1,44.82,MDPI Paper
0.432,0.368,0.102,0.724,0.149,0.409,939,69,Polymer,645,155,2,38.56,Synthetic
0.413,0.955,0.23,0.2,0.463,0.273,842,84,Polymer,568,126,2,35.76,ST37 Heat Treatment Study
0.556,0.746,0.247,0.121,0.981,0.484,830,51,Water,593,103,3,50.68,ST37 Heat Treatment Study
0.17,0.92,0.258,1.092,0.483,0.026,890,55,Water,322,144,3,31.71,MDPI Paper
0.276,0.691,0.378,0.745,0.864,0.252,860,32,Polymer,195,80,2,41.78,Synthetic
0.578,0.522,0.255,0.655,0.589,0.359,908,89,Polymer,477,85,2,54.91,Synthetic
0.551,1.037,0.279,1.094,0.375,0.431,890,77,Polymer,385,70,2,54.19,Synthetic
0.355,1.019,0.195,1.148,0.286,0.09,894,33,Polymer,588,61,2,39.94,ST37 Heat Treatment Study
0.429,0.925,0.249,0.238,0.203,0.4,942,56,Polymer,363,44,2,50.24,MDPI Paper
0.275,0.545,0.191,0.915,0.762,0.276,943,87,Polymer,234,91,2,41.53,Synthetic
0.235,0.831,0.129,0.203,0.387,0.198,812,59,Oil,431,57,1,28.96,Mendeley Dataset
0.359,0.625,0.341,1.127,0.511,0.066,912,78,Polymer,381,93,2,42.76,Synthetic
0.309,0.382,0.367,0.985,0.492,0.433,834,35,Oil,234,159,1,36.54,Synthetic
0.413,1.126,0.348,1.435,0.577,0.079,948,81,Oil,558,156,1,36.62,Mendeley Dataset
0.185,0.423,0.285,0.103,0.866,0.155,847,23,Polymer,638,65,2,22.28,Synthetic
0.588,1.155,0.252,0.086,0.981,0.145,834,64,Polymer,214,143,2,55.97,Synthetic
0.594,0.701,0.445,0.423,0.408,0.436,885,47,Oil,283,42,1,56.44,MDPI Paper
